Date,Max TemperatureC,Mean TemperatureC,Min TemperatureC,Dew PointC,MeanDew PointC,Min DewpointC,Max Humidity, Mean Humidity, Min Humidity, Max Sea Level PressurehPa, Mean Sea Level PressurehPa, Min Sea Level PressurehPa, Max VisibilityKm, Mean VisibilityKm, Min VisibilitykM, Max Wind SpeedKm/h, Mean Wind SpeedKm/h, Max Gust SpeedKm/h,Precipitationmm, CloudCover, Events,WindDirDegrees<br />
01/01/2014,12,4,-2,-12,-17,-20,44,19,7,1019,1015,1012,31,11,5,32,16,47,0,,,291<br />
02/01/2014,7,0,-6,-6,-9,-13,74,50,28,1021,1018,1015,18,7,3,18,5,,0,,,20<br />
03/01/2014,9,3,-2,-7,-13,-18,64,32,9,1026,1022,1018,31,13,5,18,8,,0,,,24<br />
04/01/2014,2,-2,-6,-4,-7,-9,80,68,44,1026,1023,1020,10,5,2,11,5,,0,2,,56<br />
05/01/2014,7,0,-7,-5,-11,-15,80,51,15,1028,1025,1021,31,7,3,18,10,,0,,,18<br />
06/01/2014,0,-2,-3,-4,-5,-7,80,72,61,1028,1026,1024,5,3,2,14,5,,0,8,Snow,130<br />
07/01/2014,5,0,-5,-4,-12,-25,86,45,6,1033,1027,1024,31,6,2,18,8,,0,8,,7<br />
08/01/2014,1,-4,-8,-20,-23,-28,36,21,6,1036,1034,1032,31,30,26,32,14,47,0,,,344<br />
09/01/2014,1,-6,-12,-21,-26,-35,41,19,4,1035,1032,1029,31,24,10,26,11,43,0,,,321<br />
10/01/2014,5,-4,-13,-18,-23,-29,48,25,5,1032,1031,1029,23,12,5,21,6,47,0,,,349<br />
11/01/2014,5,-4,-13,-13,-20,-27,57,29,8,1032,1030,1027,8,6,3,29,6,,0,,,343<br />
12/01/2014,4,-3,-9,-19,-23,-28,38,18,5,1039,1036,1032,31,20,7,32,16,32,0,,,339<br />
13/01/2014,3,-4,-12,-12,-19,-23,58,35,9,1034,1032,1029,10,6,3,6,5,,0,,,41<br />
14/01/2014,3,-4,-12,-9,-17,-24,67,37,13,1036,1034,1032,11,7,3,18,8,,0,,,347<br />
15/01/2014,5,-2,-10,-7,-17,-23,63,38,9,1034,1031,1028,23,6,2,14,5,,0,,,6<br />
16/01/2014,5,-1,-6,-3,-8,-16,86,61,21,1031,1028,1026,4,2,1,14,6,,0,,Fog,82<br />
17/01/2014,5,1,-3,-3,-13,-23,81,43,12,1033,1031,1029,14,6,1,29,13,43,0,8,Snow,199<br />
18/01/2014,7,-1,-8,-8,-16,-22,85,31,13,1035,1033,1031,11,6,2,21,11,26,0,,,54<br />
19/01/2014,5,1,-4,-6,-11,-22,74,49,9,1030,1025,1020,26,5,4,43,11,64,0,8,,133<br />
20/01/2014,4,0,-3,-19,-22,-25,26,17,8,1035,1030,1025,31,31,31,55,31,72,0,,,324<br />
21/01/2014,4,-1,-7,-18,-22,-25,39,20,7,1035,1032,1027,31,11,5,32,14,32,0,,,339<br />
22/01/2014,6,-2,-10,-13,-18,-22,53,32,8,1027,1024,1021,8,6,2,11,5,,0,,,33<br />
23/01/2014,3,-3,-9,-9,-14,-17,59,44,22,1021,1017,1013,4,3,0,11,5,,0,,,9<br />
24/01/2014,10,3,-4,-10,-17,-25,55,28,5,1022,1017,1014,18,5,2,18,10,,0,8,,3<br />
25/01/2014,7,1,-4,-7,-18,-25,64,23,4,1034,1027,1022,31,16,3,21,10,,0,,,24<br />
26/01/2014,3,-2,-6,-7,-11,-14,74,50,24,1035,1029,1021,11,9,5,18,10,,0,3,,148<br />
27/01/2014,12,2,-7,-7,-14,-29,80,43,4,1027,1019,1016,31,6,3,40,10,,0,,,354<br />
28/01/2014,5,-1,-6,-7,-16,-25,69,31,11,1031,1028,1023,26,13,8,21,11,,0,,,124<br />
29/01/2014,3,-3,-8,-7,-9,-12,80,62,36,1023,1015,1011,8,6,2,11,6,,0,,,54<br />
30/01/2014,8,2,-5,-4,-17,-27,75,31,4,1021,1018,1014,31,9,2,21,10,,0,,,79<br />
31/01/2014,3,-1,-4,0,-7,-9,88,61,45,1021,1019,1017,6,4,0,14,8,,0,5,Rain,53<br />
01/02/2014,4,2,1,1,-3,-7,91,67,48,1019,1016,1012,5,4,0,14,6,,0,8,Rain,204<br />
02/02/2014,10,4,-1,1,-16,-35,89,37,4,1023,1015,1011,31,7,0,43,16,55,0,7,,5<br />
03/02/2014,2,-2,-5,-16,-33,-40,23,8,4,1029,1027,1023,31,28,23,32,19,50,0,,,343<br />
04/02/2014,1,-3,-7,-24,-31,-38,24,10,4,1032,1030,1027,31,18,6,26,13,32,0,,,332<br />
05/02/2014,1,-6,-11,-11,-18,-25,59,33,7,1030,1029,1027,9,7,5,14,5,,0,,,102<br />
06/02/2014,2,-3,-8,-6,-13,-16,69,46,20,1032,1030,1029,8,6,2,11,5,,0,8,,101<br />
07/02/2014,-2,-3,-5,-5,-7,-12,86,76,51,1031,1027,1024,8,4,0,14,10,,2.03,8,Snow,125<br />
08/02/2014,2,-3,-8,-6,-12,-22,89,54,15,1036,1028,1024,31,7,2,29,11,,0.51,8,Snow,10<br />
09/02/2014,-1,-7,-12,-16,-21,-23,48,28,11,1039,1037,1034,31,23,11,21,16,35,0,,,340<br />
10/02/2014,-1,-7,-13,-15,-19,-23,58,34,13,1038,1035,1031,31,23,5,18,10,,0,,,12<br />
11/02/2014,1,-7,-13,-11,-15,-18,73,50,20,1031,1028,1025,8,6,2,14,5,29,0,,,76<br />
12/02/2014,4,-3,-11,-8,-16,-23,73,41,13,1036,1032,1029,11,5,2,18,8,,0,,,53<br />
13/02/2014,1,-2,-4,-7,-10,-13,77,54,42,1038,1035,1031,6,4,2,18,10,,0,8,Snow,117<br />
14/02/2014,3,-3,-9,-7,-9,-11,86,65,37,1031,1026,1023,4,3,0,6,5,,0,,Fog,61<br />
15/02/2014,4,-2,-7,-6,-8,-10,80,64,39,1026,1025,1023,2,1,0,11,5,,0,,Fog,30<br />
16/02/2014,7,0,-6,-5,-9,-16,80,52,18,1033,1029,1025,6,3,0,18,10,,0,,Fog,216<br />
17/02/2014,5,1,-3,-7,-13,-19,64,36,10,1037,1035,1033,10,6,3,21,8,,0,,,147<br />
18/02/2014,2,-1,-5,-8,-12,-13,55,45,26,1037,1032,1028,13,8,6,14,8,,0,,Snow,144<br />
19/02/2014,6,-1,-8,-6,-13,-19,80,43,13,1031,1029,1027,23,7,2,18,8,,0,,,69<br />
20/02/2014,1,-2,-4,-4,-6,-7,87,73,56,1032,1030,1029,5,2,0,14,6,,0,8,Fog-Snow,118<br />
21/02/2014,4,-1,-6,-3,-6,-8,86,68,45,1030,1028,1026,5,2,0,11,3,,0,8,Fog,24<br />
22/02/2014,6,2,-2,-2,-4,-6,75,58,45,1032,1030,1029,3,2,0,11,6,,0,8,Fog,42<br />
23/02/2014,3,2,1,-3,-6,-7,65,58,51,1032,1031,1029,3,2,2,11,5,,0,8,,155<br />
24/02/2014,7,3,-1,-3,-4,-5,75,55,39,1030,1027,1025,2,2,0,14,5,,0,8,,29<br />
25/02/2014,8,2,-3,-1,-4,-6,80,63,39,1028,1026,1024,2,1,0,11,3,,0,8,Fog,16<br />
26/02/2014,9,4,-1,3,-1,-4,80,66,36,1025,1023,1020,26,2,0,21,6,29,1.02,7,Fog-Rain,347<br />
27/02/2014,9,4,-1,-9,-16,-20,44,21,8,1032,1029,1025,31,24,10,32,19,,0,,,350<br />
28/02/2014,6,1,-3,-4,-7,-14,80,53,26,1030,1026,1022,10,7,3,14,6,21,0,2,,113<br />
01/03/2014,12,4,-3,-6,-15,-27,74,31,4,1026,1023,1020,31,8,2,29,11,55,0,,,309<br />
02/03/2014,11,4,-2,-2,-8,-13,75,46,17,1025,1022,1019,7,5,2,18,10,,0,,,131<br />
03/03/2014,4,0,-3,-3,-6,-9,86,60,42,1024,1022,1020,4,3,2,14,6,,0,8,,38<br />
04/03/2014,10,4,-2,-3,-19,-30,74,23,4,1030,1026,1023,31,10,2,32,14,50,0,,,335<br />
05/03/2014,9,1,-6,-13,-21,-27,54,18,4,1031,1028,1024,31,20,10,29,13,35,0,,,270<br />
06/03/2014,8,1,-6,-10,-26,-31,32,11,4,1033,1030,1027,31,24,8,29,13,43,0,,,320<br />
07/03/2014,8,0,-7,-8,-18,-28,74,28,4,1032,1029,1027,31,14,6,26,10,,0,,,94<br />
08/03/2014,10,5,0,-2,-7,-16,75,46,20,1028,1023,1019,8,5,2,18,6,,0,,,137<br />
09/03/2014,10,3,-3,-4,-9,-13,69,41,16,1028,1026,1024,9,7,2,18,8,,0,,,135<br />
10/03/2014,9,2,-4,-2,-7,-10,74,50,26,1029,1024,1019,10,6,2,14,6,,0,,,115<br />
11/03/2014,14,6,-2,-1,-6,-13,80,43,13,1024,1018,1015,14,4,2,32,8,43,0,,,18<br />
12/03/2014,11,6,2,-8,-19,-26,31,15,4,1028,1025,1023,31,22,3,26,16,32,0,,,12<br />
13/03/2014,13,4,-3,-13,-21,-26,47,14,4,1026,1022,1017,31,17,8,32,10,35,0,,,298<br />
14/03/2014,17,10,4,-9,-21,-25,19,9,4,1022,1018,1013,27,21,10,29,19,32,0,,,260<br />
15/03/2014,22,11,0,-2,-10,-14,56,24,6,1014,1011,1008,10,6,3,18,6,,0,,,108<br />
16/03/2014,17,11,5,1,-8,-14,46,24,10,1019,1015,1012,10,6,3,18,10,,0,,,131<br />
17/03/2014,21,12,3,0,-7,-12,61,28,8,1019,1012,1010,21,6,3,40,13,55,0,,,316<br />
18/03/2014,15,10,6,-3,-9,-13,31,21,12,1025,1022,1019,19,13,6,26,14,,0,8,,123<br />
19/03/2014,13,8,4,-2,-8,-18,42,30,8,1028,1023,1021,18,10,6,26,10,,0,,,31<br />
20/03/2014,19,12,5,-10,-16,-18,27,13,4,1029,1026,1023,31,26,16,26,14,43,0,,,336<br />
21/03/2014,22,13,4,-7,-14,-20,39,13,4,1024,1020,1015,31,16,6,26,13,40,0,,,244<br />
22/03/2014,24,13,3,-3,-13,-23,52,18,4,1025,1018,1015,31,14,8,21,10,40,0,,,29<br />
23/03/2014,19,12,5,2,-4,-10,53,31,15,1027,1023,1019,8,5,3,18,6,26,0,,,129<br />
24/03/2014,21,12,4,4,1,-2,70,45,20,1019,1014,1009,4,3,2,14,5,26,0,,,148<br />
25/03/2014,23,14,6,7,2,-2,66,42,18,1012,1010,1007,8,4,2,14,6,,0,,,26<br />
26/03/2014,24,16,7,11,7,3,77,56,29,1013,1010,1007,8,2,0,14,5,,0,,,121<br />
27/03/2014,16,13,10,11,5,0,80,57,33,1014,1011,1009,7,4,0,18,5,,0,8,Fog,61<br />
28/03/2014,23,17,11,9,7,2,82,54,25,1011,1008,1005,11,4,2,21,8,,0,8,Rain,44<br />
29/03/2014,23,16,8,8,1,-3,82,38,15,1015,1013,1010,24,9,4,18,8,26,0,,,11<br />
30/03/2014,26,16,7,5,-5,-11,62,26,5,1017,1015,1013,31,16,3,14,6,29,0,,,357<br />
31/03/2014,23,18,12,10,3,-3,72,42,23,1017,1015,1013,10,5,2,26,10,43,1.02,6,Rain-Thunderstorm,115<br />
01/04/2014,25,16,6,10,3,-8,90,48,11,1015,1012,1008,14,4,0,21,6,32,0,,Fog,159<br />
02/04/2014,23,16,9,8,2,-4,71,39,16,1023,1014,1010,11,6,3,26,8,35,0,,,101<br />
03/04/2014,20,13,7,1,-17,-30,50,15,4,1026,1023,1021,29,17,10,40,14,64,0,,,18<br />
04/04/2014,26,14,4,-3,-10,-21,53,23,4,1022,1015,1008,19,15,11,29,11,47,0,,,82<br />
05/04/2014,20,12,4,-3,-11,-18,52,21,4,1025,1022,1018,31,18,10,21,10,29,0,,,202<br />
06/04/2014,25,14,3,-1,-8,-18,65,25,4,1021,1017,1013,16,10,6,26,8,32,0,,,211<br />
07/04/2014,25,16,7,3,-1,-5,57,33,12,1015,1013,1010,8,6,3,14,5,,0,,,124<br />
08/04/2014,26,17,8,7,3,-3,76,40,14,1016,1013,1010,5,5,2,18,8,32,0,,,147<br />
09/04/2014,32,22,12,10,0,-12,72,32,4,1020,1011,1008,10,6,2,29,13,43,0,,,98<br />
10/04/2014,18,16,13,3,-2,-9,47,30,13,1024,1022,1020,10,7,5,14,8,,0,8,Rain,161<br />
11/04/2014,18,14,12,1,-3,-7,44,29,13,1021,1019,1016,19,11,6,11,8,,0,8,Rain,142<br />
12/04/2014,21,13,6,3,-2,-7,66,34,13,1018,1016,1013,8,7,5,14,6,,0,,,146<br />
13/04/2014,24,16,8,8,4,1,71,44,22,1019,1017,1014,8,4,2,14,6,,0,,,128<br />
14/04/2014,26,18,10,13,8,5,76,52,29,1019,1016,1013,11,3,2,14,6,32,0,,,139<br />
15/04/2014,23,19,15,11,3,-6,67,38,14,1021,1019,1016,18,7,3,26,10,,0,8,,146<br />
16/04/2014,22,17,12,2,-3,-9,47,26,6,1018,1014,1010,14,11,6,6,5,,0,,,102<br />
17/04/2014,18,14,11,10,7,-2,86,62,23,1017,1013,1010,8,5,2,18,6,,5.08,7,Rain,117<br />
18/04/2014,20,16,12,12,9,2,94,66,34,1023,1019,1016,8,3,2,21,8,,0,,,144<br />
19/04/2014,15,11,8,6,3,-2,81,53,21,1023,1021,1018,13,9,5,21,8,,0.25,8,Rain,161<br />
20/04/2014,22,13,5,7,3,-2,87,48,12,1019,1016,1013,19,8,2,21,8,29,0,,Rain,276<br />
21/04/2014,25,16,7,6,1,-6,71,35,7,1018,1016,1013,27,16,5,29,8,35,0,,,272<br />
22/04/2014,27,17,8,8,3,-2,83,37,12,1016,1013,1009,13,9,2,26,10,,0,,,245<br />
23/04/2014,26,20,15,13,11,8,77,56,33,1012,1010,1007,10,4,2,26,13,43,0.25,,Rain,163<br />
24/04/2014,25,20,16,13,11,10,72,57,32,1016,1014,1012,8,5,3,18,10,,0,8,,166<br />
25/04/2014,27,19,12,11,9,4,88,52,23,1019,1016,1014,10,6,3,40,10,50,10.92,6,Rain,48<br />
26/04/2014,22,16,11,11,7,1,94,59,20,1022,1020,1018,19,11,6,21,11,,3.05,5,Rain,53<br />
27/04/2014,24,17,9,10,5,-3,94,51,8,1022,1020,1018,27,11,3,26,10,43,0,,,62<br />
28/04/2014,26,18,10,9,5,-2,87,45,11,1022,1019,1015,11,8,6,21,8,32,0,,,87<br />
29/04/2014,27,18,10,9,6,3,76,41,13,1016,1013,1009,10,7,6,18,8,32,0,,,166<br />
30/04/2014,28,20,12,12,9,8,82,49,19,1011,1009,1006,10,7,5,18,8,32,0,,,173<br />
01/05/2014,28,21,15,16,11,1,82,54,21,1012,1008,1004,18,7,2,50,14,61,0,3,Rain-Thunderstorm,176<br />
02/05/2014,24,18,12,4,-2,-10,58,28,5,1018,1016,1012,31,19,10,58,29,84,0,1,Rain,311<br />
03/05/2014,25,16,7,6,-1,-11,81,38,5,1018,1013,1006,21,11,3,55,14,76,0,7,,282<br />
04/05/2014,19,14,10,-4,-10,-18,32,19,4,1019,1017,1016,31,22,10,50,32,84,0,,,318<br />
05/05/2014,22,13,5,0,-6,-14,61,27,4,1021,1017,1014,31,23,6,21,10,32,0,,,11<br />
06/05/2014,21,14,9,10,3,-2,59,44,22,1015,1009,1003,13,8,5,14,8,,0.51,1,Rain-Thunderstorm,98<br />
07/05/2014,27,19,11,9,2,-7,82,40,5,1014,1006,1002,31,8,3,40,10,61,0,1,,7<br />
08/05/2014,23,17,10,11,7,3,94,54,18,1016,1014,1011,13,6,2,21,8,,0,,,144<br />
09/05/2014,21,18,16,9,6,3,59,44,24,1016,1015,1013,16,10,6,21,11,40,0,8,,115<br />
10/05/2014,21,17,13,9,6,0,72,47,23,1017,1016,1014,19,11,6,18,10,,7.11,8,Rain,99<br />
11/05/2014,14,12,10,11,9,8,94,85,58,1016,1007,1001,26,8,3,21,13,,9.91,8,Rain,358<br />
12/05/2014,30,19,8,12,9,3,100,52,13,1003,1000,998,31,11,3,29,11,,0,,,230<br />
13/05/2014,31,21,12,14,6,-9,94,42,5,1003,1000,997,26,12,8,43,10,61,0,,,327<br />
14/05/2014,23,18,12,5,-2,-6,55,23,8,1008,1005,1003,31,25,14,43,26,61,0,,,309<br />
15/05/2014,29,18,8,7,4,-2,76,37,9,1003,1000,997,23,10,8,26,8,47,0,,,92<br />
16/05/2014,30,22,14,9,4,-1,67,31,8,1013,1007,1001,31,19,6,26,10,,0,,,72<br />
17/05/2014,28,21,14,10,6,3,67,36,14,1015,1012,1009,26,14,8,26,8,,0,,Rain,150<br />
18/05/2014,30,21,13,14,9,6,72,41,20,1011,1008,1004,11,8,6,26,8,40,0,1,Rain,151<br />
19/05/2014,28,22,17,17,15,12,94,64,28,1008,1004,1001,10,7,3,21,10,,0,4,Rain-Thunderstorm,106<br />
20/05/2014,32,24,18,16,11,6,83,43,12,1007,1004,1002,31,10,2,26,10,,0,,,78<br />
21/05/2014,31,23,16,17,13,10,77,52,26,1008,1005,1003,8,6,6,21,8,,0,,,138<br />
22/05/2014,35,27,19,18,14,8,88,48,12,1009,1006,1005,14,4,2,29,11,,0,,,167<br />
23/05/2014,34,27,20,16,13,9,73,40,16,1011,1010,1008,14,8,5,29,11,40,0,,Rain,175<br />
24/05/2014,26,22,19,19,18,14,94,83,36,1009,1008,1007,10,4,2,14,8,,7.87,8,Rain,115<br />
25/05/2014,29,22,15,19,8,-3,94,48,6,1009,1006,1004,31,6,1,55,14,72,0,8,,288<br />
26/05/2014,35,23,12,11,4,-2,77,29,9,1006,999,993,26,20,14,32,11,43,0,,,227<br />
27/05/2014,32,24,18,11,4,-3,64,26,5,1001,996,994,31,12,6,58,16,90,0,4,,321<br />
28/05/2014,37,26,15,12,7,1,68,28,6,1004,1000,996,27,19,6,35,10,50,0,,,189<br />
29/05/2014,42,30,18,15,11,3,68,33,5,1002,998,996,31,14,10,21,6,43,0,2,,72<br />
30/05/2014,35,28,20,15,13,10,60,37,21,1008,1006,1002,13,9,7,21,10,,0,,,110<br />
31/05/2014,34,27,20,19,16,12,83,49,28,1010,1007,1005,10,7,6,50,6,68,7.11,4,Rain-Thunderstorm,136<br />
01/06/2014,31,25,19,18,16,12,88,64,25,1012,1008,1006,21,10,6,21,13,35,2.03,4,Rain-Thunderstorm,16<br />
02/06/2014,26,22,18,15,13,11,73,53,29,1013,1011,1009,31,24,10,14,6,,0,8,,355<br />
03/06/2014,32,23,16,14,13,11,82,47,19,1009,1008,1005,26,18,6,18,10,,0,,,85<br />
04/06/2014,31,24,19,17,14,13,83,50,26,1008,1006,1004,18,9,6,18,6,,0,8,,205<br />
05/06/2014,34,27,19,17,15,13,83,47,19,1006,1004,1002,23,9,6,14,8,,0,,,172<br />
06/06/2014,27,21,16,19,17,14,94,74,45,1005,1004,1003,31,9,5,40,11,61,4.06,4,Rain-Thunderstorm,51<br />
07/06/2014,30,22,14,14,11,5,94,50,12,1006,1004,1001,31,24,10,26,10,35,0,,,12<br />
08/06/2014,31,23,17,15,13,8,88,62,20,1004,1002,999,31,13,6,55,6,84,0.25,3,Rain-Thunderstorm,49<br />
09/06/2014,31,22,14,15,13,7,94,57,15,1008,1005,1002,31,13,5,18,8,29,0,1,Rain,43<br />
10/06/2014,26,22,18,19,16,13,88,71,47,1011,1009,1007,8,5,3,18,6,,11.94,4,Rain-Thunderstorm,124<br />
11/06/2014,30,23,17,17,14,11,94,54,22,1012,1010,1007,31,13,2,18,8,32,0,,,14<br />
12/06/2014,36,27,18,18,14,9,83,46,12,1008,1006,1003,31,19,5,18,6,26,0,,Rain,36<br />
13/06/2014,32,26,19,20,17,15,94,63,28,1009,1007,1005,26,11,3,55,6,84,11.94,3,Rain-Thunderstorm,58<br />
14/06/2014,32,24,18,20,17,16,94,61,32,1008,1006,1004,19,12,6,11,6,,0,,,91<br />
15/06/2014,32,26,20,21,18,16,88,62,31,1006,1004,1002,10,6,2,40,8,55,2.03,5,Rain-Thunderstorm,107<br />
16/06/2014,30,26,21,21,19,18,94,71,40,1004,1002,1000,7,4,2,14,6,,0,,Rain,157<br />
17/06/2014,27,22,18,21,18,16,94,80,47,1004,1002,1001,10,6,2,26,10,50,34.04,3,Rain-Thunderstorm,118<br />
18/06/2014,31,24,18,20,17,14,94,66,32,1004,1003,1000,31,7,3,18,8,29,0,,,210<br />
19/06/2014,27,23,20,20,19,17,94,73,56,1006,1004,1002,8,4,2,18,8,,5.08,7,Rain,133<br />
20/06/2014,28,23,18,18,17,15,94,72,35,1009,1007,1005,31,9,3,18,8,,2.03,6,Rain-Thunderstorm,103<br />
21/06/2014,28,23,18,18,17,13,88,71,40,1010,1008,1006,18,7,5,32,6,32,3.05,4,Rain-Thunderstorm,175<br />
22/06/2014,29,23,18,19,17,14,94,71,42,1010,1009,1006,18,9,6,21,6,,0,2,,356<br />
23/06/2014,31,24,17,17,15,12,94,55,23,1010,1008,1005,31,21,6,18,10,,0,,,21<br />
24/06/2014,31,25,19,19,17,15,94,56,28,1006,1004,1002,21,15,8,18,6,,0,,,141<br />
25/06/2014,27,24,23,21,19,16,88,69,47,1004,1003,1002,11,5,2,21,8,29,2.03,8,Rain,153<br />
26/06/2014,33,28,22,21,21,17,91,69,43,1005,1003,1000,21,5,1,18,6,,0,1,,134<br />
27/06/2014,34,27,21,19,13,9,78,40,13,1008,1006,1005,31,26,16,29,11,35,0,,,27<br />
28/06/2014,38,28,18,17,13,8,73,38,11,1007,1005,1003,31,15,10,18,10,32,0,2,,11<br />
29/06/2014,35,28,21,19,16,13,78,47,19,1007,1006,1004,31,14,6,14,6,,0,,,132<br />
30/06/2014,35,29,23,19,17,12,78,47,16,1007,1006,1003,19,10,6,21,6,,0,1,,141<br />
01/07/2014,32,26,20,22,19,15,100,59,35,1007,1004,1001,14,5,1,29,10,50,43.94,4,Rain-Thunderstorm,132<br />
02/07/2014,27,23,21,22,21,19,95,85,57,1005,1003,1001,6,5,2,11,5,,4.06,6,Rain-Thunderstorm,108<br />
03/07/2014,30,27,23,23,22,21,94,79,54,1002,1001,999,5,2,1,14,8,,0,2,,145<br />
04/07/2014,34,29,24,24,23,21,94,75,52,1007,1004,1002,4,3,2,21,6,,0,8,,82<br />
05/07/2014,31,27,23,23,22,20,94,73,45,1008,1007,1005,8,4,1,14,6,,0,,,138<br />
06/07/2014,32,28,24,24,23,22,94,76,46,1006,1005,1003,4,2,1,14,10,,0,,,122<br />
07/07/2014,32,28,24,23,22,21,85,71,51,1005,1003,1000,6,5,2,18,8,,0.51,8,,130<br />
08/07/2014,34,29,24,22,19,9,89,58,14,1004,1002,1000,31,9,2,21,6,,0,,,31<br />
09/07/2014,32,27,22,20,15,11,83,49,17,1006,1004,1002,31,26,16,18,6,,0,8,,6<br />
10/07/2014,38,29,21,19,15,9,83,44,16,1002,1000,997,31,24,16,26,8,35,0,,,273<br />
11/07/2014,36,28,21,20,15,8,83,45,11,1001,1000,998,31,24,3,18,8,,0,,,48<br />
12/07/2014,34,29,24,16,12,9,61,34,15,1004,1002,1000,31,23,10,18,11,,0,1,,58<br />
13/07/2014,36,28,21,22,14,11,73,45,16,1004,1002,1000,31,15,6,40,8,,16,2,Rain-Thunderstorm,7<br />
14/07/2014,36,28,20,20,16,13,83,49,24,1003,1002,1000,27,14,6,21,8,,0,1,,45<br />
15/07/2014,32,27,23,22,17,15,78,51,35,1005,1003,1002,23,15,10,32,14,35,1.02,6,Rain,179<br />
16/07/2014,31,26,22,24,21,19,89,74,46,1006,1004,1001,10,5,2,26,6,,8.89,2,Rain-Thunderstorm,98<br />
17/07/2014,29,26,22,23,22,19,88,76,62,1007,1006,1003,7,4,2,18,6,,0,8,Rain,110<br />
18/07/2014,34,29,24,24,22,21,89,67,41,1008,1007,1005,10,5,3,18,6,,0,,,139<br />
19/07/2014,37,31,26,24,23,22,89,61,39,1010,1008,1006,18,8,6,18,8,,0,,,150<br />
20/07/2014,36,31,27,24,23,22,84,61,42,1008,1005,1001,19,8,5,26,11,47,0,1,Rain,169<br />
21/07/2014,36,31,26,24,19,13,74,50,19,1004,1002,999,31,23,8,32,11,40,0,,Rain,355<br />
22/07/2014,30,28,26,18,16,13,54,46,26,1007,1006,1004,31,22,10,21,10,43,0,8,Rain,339<br />
23/07/2014,32,27,23,20,17,13,78,51,31,1006,1004,1001,31,15,10,14,8,32,0,5,,268<br />
24/07/2014,30,26,22,21,20,18,83,69,44,1008,1005,1003,23,8,6,11,5,,0,4,Rain,86<br />
25/07/2014,34,27,20,21,17,14,94,57,25,1007,1006,1004,24,8,2,18,8,,0,,,115<br />
26/07/2014,36,28,21,20,18,16,83,52,25,1009,1008,1006,14,6,3,21,8,32,0,,,170<br />
27/07/2014,36,29,23,19,18,15,69,49,28,1011,1008,1004,10,6,4,21,10,,0,,,158<br />
28/07/2014,36,30,24,22,20,17,83,56,29,1006,1004,1001,11,5,3,26,11,32,0,,,166<br />
29/07/2014,35,29,23,23,21,18,94,59,35,1005,1003,1000,10,5,2,32,13,,20.07,7,Rain-Thunderstorm,161<br />
30/07/2014,28,26,23,23,22,21,94,82,60,1008,1005,1003,6,3,2,14,8,,21.08,7,Rain-Thunderstorm,99<br />
31/07/2014,31,27,24,23,22,21,94,75,48,1008,1007,1004,5,3,1,14,6,,0,,,146<br />
01/08/2014,32,28,24,24,23,21,94,73,47,1008,1006,1005,6,4,2,11,6,,0,8,,135<br />
02/08/2014,34,29,25,25,24,22,94,73,47,1006,1003,1000,6,5,4,14,6,,0,1,,128<br />
03/08/2014,35,30,26,25,24,23,94,73,47,1002,1001,999,8,4,2,18,5,,0.51,,Rain,50<br />
04/08/2014,28,24,19,24,20,17,91,79,51,1007,1004,1001,31,11,3,29,8,47,12.95,7,Rain,20<br />
05/08/2014,32,26,19,22,18,14,94,67,33,1008,1007,1005,27,20,10,14,6,,0,,,46<br />
06/08/2014,34,28,22,22,17,10,94,56,16,1009,1007,1006,31,14,6,18,8,,0,,,52<br />
07/08/2014,33,27,20,20,17,13,94,56,26,1010,1009,1007,14,8,2,14,8,,0,,,113<br />
08/08/2014,32,26,20,19,17,13,88,56,22,1010,1008,1006,10,7,5,18,8,,0,,,151<br />
09/08/2014,31,26,21,20,18,12,88,61,24,1008,1006,1002,10,6,2,32,8,29,4.06,2,Rain-Thunderstorm,133<br />
10/08/2014,34,27,19,20,18,16,94,63,30,1005,1003,1000,19,9,3,18,8,26,0,1,,77<br />
11/08/2014,35,28,20,20,14,9,83,47,14,1006,1004,1002,31,21,5,18,10,,0,,,7<br />
12/08/2014,33,26,19,18,13,9,83,45,20,1008,1006,1004,27,13,5,35,6,55,5.08,4,Rain-Thunderstorm,53<br />
13/08/2014,23,20,18,19,18,17,94,86,70,1009,1008,1007,18,9,2,21,8,,7.87,6,Rain-Thunderstorm,39<br />
14/08/2014,30,23,16,18,17,15,94,68,37,1009,1007,1005,21,10,2,21,8,,0,2,,211<br />
15/08/2014,32,25,18,20,17,13,94,66,25,1008,1006,1005,24,8,3,29,6,55,0,1,Rain-Thunderstorm,90<br />
16/08/2014,33,27,20,22,18,16,88,62,31,1009,1007,1006,13,7,2,11,6,,0,,,80<br />
17/08/2014,30,25,20,22,18,15,83,60,33,1012,1010,1008,18,9,4,21,10,,0,1,Thunderstorm,123<br />
18/08/2014,30,25,20,20,18,16,88,62,38,1013,1012,1010,8,7,3,14,6,,0,,,132<br />
19/08/2014,33,27,20,20,18,16,94,61,31,1013,1011,1009,10,6,3,18,8,32,0,,,148<br />
20/08/2014,33,27,21,21,19,16,88,60,29,1010,1008,1006,10,5,2,21,8,32,0,,,150<br />
21/08/2014,33,28,23,22,20,16,83,65,39,1009,1007,1005,11,5,2,32,8,58,0,2,Rain-Thunderstorm,127<br />
22/08/2014,28,23,19,21,19,17,94,70,48,1009,1007,1005,14,7,3,18,8,,3.05,,,39<br />
23/08/2014,33,27,22,23,21,16,94,69,40,1006,1005,1003,10,5,2,26,6,32,0.51,5,Rain-Thunderstorm,155<br />
24/08/2014,33,27,22,20,16,9,88,56,18,1010,1007,1005,31,14,6,21,10,29,0.25,1,Rain,39<br />
25/08/2014,32,24,18,18,12,6,88,47,11,1012,1011,1009,31,22,8,18,8,32,0,,,30<br />
26/08/2014,36,26,16,15,10,3,83,41,7,1014,1013,1011,31,19,6,14,6,21,0,,,28<br />
27/08/2014,35,26,17,17,14,11,82,49,22,1014,1013,1012,14,10,6,18,6,35,0,,,150<br />
28/08/2014,30,24,19,21,17,15,94,65,36,1016,1014,1013,10,7,3,26,6,,4.06,3,Rain-Thunderstorm,55<br />
29/08/2014,27,23,19,21,18,17,94,78,47,1016,1015,1014,7,5,2,14,6,,1.02,1,Rain-Thunderstorm,51<br />
30/08/2014,27,24,21,22,21,19,94,85,54,1016,1015,1012,5,3,2,11,5,,0.76,5,Rain-Thunderstorm,70<br />
31/08/2014,27,23,20,21,20,18,100,86,52,1014,1013,1012,10,4,2,18,6,,2.03,4,Rain-Thunderstorm,55<br />
01/09/2014,26,22,19,22,20,19,100,88,57,1014,1013,1010,10,4,0,50,6,40,75.95,3,Fog-Rain-Thunderstorm,88<br />
02/09/2014,24,21,19,20,19,16,100,91,73,1012,1011,1009,31,7,2,14,6,,14.99,4,Rain,32<br />
03/09/2014,31,23,16,16,14,6,94,60,13,1012,1009,1006,31,23,11,21,8,,0,,,307<br />
04/09/2014,34,24,15,19,16,12,100,62,21,1006,1005,1003,29,14,6,18,6,32,0,,,141<br />
05/09/2014,30,24,18,21,18,15,88,70,33,1011,1009,1006,11,7,2,14,8,29,0,,,115<br />
06/09/2014,29,24,20,21,19,17,94,74,41,1013,1011,1009,7,4,0,14,6,,0,,,127<br />
07/09/2014,30,26,22,21,19,17,94,72,41,1009,1008,1005,7,5,2,18,6,,0,8,Rain,166<br />
08/09/2014,29,22,16,19,8,2,88,42,11,1012,1010,1008,31,22,6,18,11,26,0,,,357<br />
09/09/2014,29,21,14,17,13,11,94,58,25,1012,1010,1009,16,11,8,14,6,,0,,,101<br />
10/09/2014,29,23,17,17,15,10,94,61,23,1015,1014,1012,21,9,5,14,6,,0,,,121<br />
11/09/2014,26,22,18,20,17,14,94,72,44,1015,1014,1012,9,6,3,18,6,,0,4,Rain-Thunderstorm,54<br />
12/09/2014,25,22,19,19,17,14,100,78,47,1016,1015,1014,11,6,3,11,5,,0.51,8,Rain,135<br />
13/09/2014,28,23,18,18,16,12,100,67,28,1016,1014,1012,19,7,3,18,6,,0,,Rain,144<br />
14/09/2014,24,19,15,17,11,3,88,60,19,1019,1017,1013,31,9,2,18,6,,0,8,,41<br />
15/09/2014,29,20,11,13,5,-2,88,44,9,1021,1018,1015,31,22,8,18,8,40,0,,,301<br />
16/09/2014,22,17,12,14,10,7,82,61,30,1020,1018,1017,18,9,6,14,6,,0,8,,60<br />
17/09/2014,23,18,14,13,11,8,94,64,38,1022,1020,1019,19,12,7,11,6,,0,,,174<br />
18/09/2014,28,19,11,13,10,5,100,59,19,1022,1019,1016,19,6,3,14,6,,0,,,96<br />
19/09/2014,25,18,12,17,14,10,94,74,36,1016,1012,1009,10,6,2,14,6,35,1.02,6,Rain-Thunderstorm,104<br />
20/09/2014,27,22,17,18,17,14,94,75,43,1014,1010,1008,6,4,2,11,5,,0,8,,84<br />
21/09/2014,25,21,18,18,15,12,83,68,52,1019,1017,1014,8,6,2,18,10,,0,2,,140<br />
22/09/2014,22,21,19,18,17,16,94,81,66,1020,1018,1016,6,4,2,14,6,,1.02,8,Rain,49<br />
23/09/2014,19,18,17,18,17,16,100,93,79,1019,1017,1016,9,4,2,14,8,,2.03,8,Rain,22<br />
24/09/2014,26,21,16,17,16,13,100,77,37,1018,1016,1014,27,8,2,14,6,,9.91,7,Rain,73<br />
25/09/2014,22,18,14,18,16,14,100,87,67,1019,1016,1014,6,4,2,11,5,,0,6,,119<br />
26/09/2014,23,20,17,18,16,15,100,84,59,1014,1011,1008,5,3,2,18,8,,0,1,Rain-Thunderstorm,115<br />
27/09/2014,25,18,12,16,11,6,100,64,20,1019,1016,1012,31,11,3,14,6,,0,,,36<br />
28/09/2014,23,18,14,17,14,11,100,76,53,1018,1016,1014,10,7,5,14,5,,0,,,134<br />
29/09/2014,24,18,12,15,9,0,100,61,21,1028,1019,1013,31,7,3,26,10,,0,,,61<br />
30/09/2014,16,13,10,6,2,-2,71,48,22,1029,1026,1021,31,22,8,11,8,,0,8,,147<br />
01/10/2014,15,13,11,11,8,1,100,81,47,1029,1017,1014,8,4,2,18,6,,6.1,8,Rain,28<br />
02/10/2014,21,14,9,13,11,8,100,81,49,1016,1013,1011,8,4,0,14,8,,0,8,Fog-Rain,23<br />
03/10/2014,18,14,11,14,13,11,100,86,67,1019,1017,1016,10,5,0,11,5,,1.02,7,Fog-Rain,56<br />
04/10/2014,17,14,13,14,13,12,100,92,71,1023,1019,1017,6,4,2,18,8,,0.25,8,Rain,122<br />
05/10/2014,22,16,9,13,7,1,100,63,20,1027,1024,1022,31,8,0,26,10,,0,,Fog,15<br />
06/10/2014,21,13,5,8,4,-2,93,58,12,1027,1024,1020,31,17,8,14,6,,0,,,47<br />
07/10/2014,21,14,8,12,9,6,94,73,32,1022,1020,1018,8,4,2,11,5,,0,,,69<br />
08/10/2014,20,16,11,15,12,10,100,83,55,1021,1019,1017,3,2,0,11,3,,0.25,7,Fog-Rain-Thunderstorm,45<br />
09/10/2014,22,16,11,16,13,11,100,86,51,1021,1019,1018,2,1,0,6,3,,0,,Fog,27<br />
10/10/2014,23,17,12,15,14,11,100,84,47,1024,1022,1020,2,1,0,11,5,,0,8,Fog,95<br />
11/10/2014,21,18,14,16,12,4,100,76,30,1027,1022,1020,26,2,0,29,8,,0,6,Fog,44<br />
12/10/2014,19,14,9,9,0,-6,77,38,11,1033,1030,1028,31,19,10,29,14,,0,8,Rain,5<br />
13/10/2014,18,10,3,3,-4,-12,81,41,5,1031,1027,1023,31,24,10,14,8,,0,,,5<br />
14/10/2014,22,12,3,6,1,-1,87,51,15,1023,1019,1015,14,10,5,18,6,32,0,,,248<br />
15/10/2014,23,14,5,6,-2,-12,100,44,4,1022,1015,1013,31,10,2,40,13,61,0,,,341<br />
16/10/2014,22,12,2,3,-2,-7,87,44,8,1025,1021,1017,21,13,6,29,8,35,0,,,181<br />
17/10/2014,24,14,4,8,4,1,93,59,16,1018,1016,1014,8,6,3,14,5,,0,,,64<br />
18/10/2014,24,16,7,12,8,5,100,67,26,1019,1016,1014,7,5,2,11,6,,0,,,32<br />
19/10/2014,21,17,13,13,12,10,94,75,46,1016,1014,1013,6,3,0,14,5,26,0,,,138<br />
20/10/2014,18,14,10,14,12,7,100,86,51,1024,1018,1015,8,2,0,18,6,,0,4,Fog,131<br />
21/10/2014,15,10,6,7,0,-5,81,45,15,1026,1025,1023,19,14,10,14,8,,0,,,153<br />
22/10/2014,14,10,6,8,5,2,82,69,53,1025,1022,1019,10,6,5,11,5,,0,8,,106<br />
23/10/2014,16,12,9,9,8,7,100,73,45,1019,1015,1012,6,5,2,11,5,,0,8,,41<br />
24/10/2014,18,13,8,12,10,7,100,85,54,1013,1011,1009,4,2,0,11,5,,0,8,Fog,23<br />
25/10/2014,19,13,8,14,12,8,100,88,60,1014,1011,1010,2,1,0,11,5,,0,8,Fog,14<br />
26/10/2014,18,13,9,13,-5,-14,100,34,5,1031,1024,1014,31,8,0,29,14,32,0,,Fog,26<br />
27/10/2014,15,9,3,2,-7,-15,76,32,9,1034,1032,1029,21,14,3,14,10,32,0,,,127<br />
28/10/2014,15,9,3,6,2,0,87,62,29,1030,1027,1024,11,9,5,14,5,,0,,,118<br />
29/10/2014,16,10,5,8,5,3,93,69,32,1026,1024,1023,8,6,3,11,5,,0,,,46<br />
30/10/2014,15,12,10,10,7,5,88,71,43,1024,1023,1021,7,4,2,6,3,,0,8,Rain,38<br />
31/10/2014,15,13,11,11,9,8,94,78,60,1022,1020,1018,4,3,0,11,5,,0,8,Rain,124<br />
01/11/2014,16,10,4,11,-1,-9,100,51,9,1021,1019,1018,27,7,0,40,11,55,0,,Fog,307<br />
02/11/2014,15,10,4,-3,-11,-14,61,22,5,1026,1023,1022,31,24,11,35,26,55,0,,,307<br />
03/11/2014,19,9,0,1,-4,-8,87,42,7,1023,1020,1017,31,18,8,14,6,32,0,,,212<br />
04/11/2014,15,8,0,3,1,-2,93,65,23,1017,1016,1013,11,6,2,14,3,,0,,,89<br />
05/11/2014,20,10,1,3,-4,-10,93,42,8,1024,1018,1016,31,9,2,29,11,47,0,,,325<br />
06/11/2014,12,7,2,-3,-9,-17,70,32,6,1033,1030,1025,31,26,10,26,13,,0,,,31<br />
07/11/2014,10,5,0,0,-4,-9,87,54,21,1034,1032,1030,26,14,10,11,5,29,0,,,66<br />
08/11/2014,13,6,-2,1,-2,-5,93,65,25,1030,1028,1025,10,7,3,14,5,32,0,,,334<br />
09/11/2014,16,7,-2,1,-3,-9,93,57,14,1028,1025,1023,18,8,2,14,6,,0,,,329<br />
10/11/2014,16,7,-1,2,-3,-8,93,53,15,1024,1021,1019,11,6,2,14,5,,0,,,317<br />
11/11/2014,14,7,1,2,-6,-17,93,40,6,1024,1019,1017,31,11,2,43,14,50,0,,,326<br />
12/11/2014,8,4,2,-14,-18,-22,28,17,4,1028,1025,1022,31,28,23,47,26,58,0,,,342<br />
13/11/2014,12,3,-4,-7,-12,-16,69,29,7,1029,1025,1022,21,14,6,29,11,50,0,,,271<br />
14/11/2014,14,6,-3,-7,-10,-14,74,36,7,1028,1027,1024,24,10,6,14,8,,0,,,18<br />
15/11/2014,8,3,-1,-1,-6,-9,69,48,19,1029,1028,1026,8,5,2,11,5,,0,8,,11<br />
16/11/2014,12,4,-2,2,-4,-8,100,49,17,1030,1026,1024,27,6,0,32,10,47,0,,Fog,323<br />
17/11/2014,13,6,-1,-5,-9,-13,69,35,9,1033,1031,1029,31,15,5,26,13,35,0,,,325<br />
18/11/2014,13,5,-3,-4,-7,-9,80,47,11,1031,1029,1027,14,6,2,14,6,26,0,,,346<br />
19/11/2014,9,3,-2,1,-2,-5,87,71,42,1027,1023,1020,6,3,0,6,3,,0,,Fog,82<br />
20/11/2014,9,3,-2,1,-1,-3,100,78,49,1020,1018,1016,3,2,0,14,5,,0,,Fog,52<br />
21/11/2014,15,7,-2,1,-6,-15,100,52,12,1026,1021,1019,6,3,0,26,8,40,0,,Fog,342<br />
22/11/2014,12,4,-3,1,-9,-13,81,39,8,1029,1027,1025,26,11,5,14,10,,0,,,28<br />
23/11/2014,9,4,-1,3,1,-1,100,80,58,1028,1026,1023,7,4,2,14,5,,0,8,Fog-Rain,70<br />
24/11/2014,12,4,-3,0,-7,-15,100,50,7,1028,1027,1025,26,7,0,18,10,,0,,Fog,30<br />
25/11/2014,9,3,-3,2,-1,-5,92,73,52,1026,1021,1016,8,5,0,18,5,,0,6,,117<br />
26/11/2014,8,2,-3,2,0,-3,100,82,47,1021,1016,1015,4,2,0,6,5,,0,,Fog,99<br />
27/11/2014,7,4,2,2,-13,-19,94,29,6,1026,1024,1021,26,9,0,26,13,40,0,8,Fog,18<br />
28/11/2014,10,5,0,1,-5,-9,82,49,26,1023,1021,1019,14,6,2,14,6,,0,,,281<br />
29/11/2014,4,1,-2,4,1,-3,100,88,81,1022,1021,1019,4,2,0,11,5,,0,4,Fog-Rain,41<br />
30/11/2014,8,2,-3,4,-13,-31,100,41,4,1031,1024,1020,14,4,0,55,19,87,0,8,Fog,322<br />
01/12/2014,0,-3,-8,-20,-22,-25,38,21,6,1034,1032,1029,26,17,7,50,32,72,0,,,328<br />
02/12/2014,0,-5,-10,-13,-19,-25,63,31,8,1033,1028,1023,31,10,2,14,8,,0,,,1<br />
03/12/2014,1,-4,-10,-17,-23,-27,57,21,4,1029,1027,1025,26,13,3,35,16,50,0,,,322<br />
04/12/2014,2,-3,-7,-21,-23,-26,33,18,4,1029,1027,1026,31,20,11,35,19,50,0,,,317<br />
05/12/2014,4,-3,-9,-15,-20,-25,50,26,5,1030,1027,1025,31,10,2,32,16,43,0,,,10<br />
06/12/2014,5,-2,-10,-12,-17,-20,73,34,7,1028,1026,1025,16,8,2,14,5,,0,8,,65<br />
07/12/2014,5,1,-3,-3,-13,-20,86,40,6,1032,1027,1025,23,10,3,32,10,47,0,,,304<br />
08/12/2014,4,-3,-9,-11,-13,-16,68,42,16,1037,1034,1032,19,7,3,14,8,,0,,,10<br />
09/12/2014,1,-4,-9,-6,-8,-12,80,64,40,1037,1034,1029,5,3,0,11,5,,0,,Snow,45<br />
10/12/2014,5,-1,-7,-2,-12,-19,100,50,7,1033,1028,1025,23,3,0,40,13,61,0,,Fog-Snow,334<br />
11/12/2014,4,-1,-6,-13,-17,-21,46,27,8,1035,1031,1028,29,17,5,40,21,64,0,,,314<br />
12/12/2014,3,-1,-8,-15,-19,-22,53,24,6,1030,1028,1026,31,14,5,35,18,58,0,,,301<br />
13/12/2014,5,-2,-10,-13,-16,-21,73,37,8,1030,1028,1026,31,9,5,14,5,35,0,,,135<br />
14/12/2014,6,-2,-10,-11,-15,-19,68,39,7,1029,1026,1024,10,6,2,18,6,,0,,,52<br />
15/12/2014,4,-1,-5,-8,-17,-22,74,32,8,1035,1028,1024,24,7,2,47,19,61,0,,,331<br />
16/12/2014,0,-2,-6,-18,-20,-23,39,26,7,1034,1031,1030,31,22,16,40,19,58,0,,,314<br />
17/12/2014,5,-3,-11,-13,-16,-20,62,35,9,1030,1029,1027,14,7,2,18,8,,0,,,112<br />
18/12/2014,2,-4,-9,-6,-10,-14,86,60,34,1032,1028,1024,8,5,2,14,6,,0,,,19<br />
19/12/2014,5,-1,-6,-6,-14,-20,86,39,11,1031,1025,1022,23,8,0,43,19,58,0,,,323<br />
20/12/2014,2,-2,-7,-17,-19,-22,39,25,8,1032,1030,1028,31,23,10,35,19,40,0,,,310<br />
21/12/2014,2,-2,-6,-15,-19,-22,40,26,8,1032,1027,1023,31,15,5,40,23,55,0,,,286<br />
22/12/2014,9,0,-9,-10,-13,-17,68,39,9,1026,1023,1022,8,6,2,18,6,,0,,,200<br />
23/12/2014,11,1,-8,-9,-13,-18,73,41,8,1025,1021,1018,23,6,2,18,6,32,0,,,354<br />
24/12/2014,6,0,-6,-12,-14,-18,50,30,8,1034,1032,1025,31,21,3,26,14,40,0,,,334<br />
25/12/2014,7,0,-7,-11,-13,-14,59,36,11,1035,1033,1031,31,14,6,18,11,,0,,,17<br />
26/12/2014,2,-2,-7,-8,-9,-12,74,58,27,1034,1032,1030,8,6,2,11,5,,0,,,37<br />
27/12/2014,6,-1,-8,-7,-9,-11,80,57,21,1030,1028,1025,5,3,0,14,6,26,0,,Fog,342<br />
28/12/2014,9,1,-6,-7,-11,-14,80,43,10,1025,1020,1016,11,4,0,26,8,43,0,,Fog,322<br />
29/12/2014,12,2,-8,-7,-12,-15,68,42,6,1016,1014,1011,14,6,0,32,6,40,0,,,320<br />
30/12/2014,7,1,-5,-8,-14,-22,54,30,7,1027,1019,1016,10,8,3,35,10,58,0,,,3<br />
31/12/2014,1,-2,-5,-17,-22,-27,29,20,5,1035,1032,1027,23,18,10,72,34,93,0,,,330<br />
